,UFDC code,title,publication date,location,oclc,language
0,http://ufdc.ufl.edu/UF00053424,The adventures of Robinson Crusoe,1884,[' London '],,
1,http://ufdc.ufl.edu/UF00072752,The adventures of Robinson Crusoe,1821,[' London '],,
2,http://ufdc.ufl.edu/UF00072755,The adventures of Robinson Crusoe ,1825,"[' New Haven ', ' Charleston ']",,
3,http://ufdc.ufl.edu/UF00072756,The Adventures of Robinson Crusoe,1826,[' London '],,
4,http://ufdc.ufl.edu/UF00073547,The adventures of Robinson Crusoe,1862,[' London '],,
5,http://ufdc.ufl.edu/UF00073550,The adventures of Robinson Crusoe ,1864,[' London '],,
6,http://ufdc.ufl.edu/UF00027048,Adventures of Robinson Crusoe,1873,[' London '],,
7,http://ufdc.ufl.edu/UF00073601,The adventures of Robinson Crusoe,1880,[' London '],,
8,http://ufdc.ufl.edu/UF00073603,The adventures of Robinson Crusoe,1886,"[' London ', 'New York']",,
9,http://ufdc.ufl.edu/UF00074465,The Adventures of Robinson Crusoe,1917,[' Racine'],,
10,http://ufdc.ufl.edu/UF00074467,The Adventures of Robinson Crusoe,1927,[' Springfield MA '],,
11,http://ufdc.ufl.edu/UF00074469,The Adventures of Robinson Crusoe,1930,"[' Chicago, New York ']",,
12,http://ufdc.ufl.edu/UF00073634,"The Adventures of Robinson Crusoe of York, mariner",1894,[' London '],,
13,http://ufdc.ufl.edu/UF00065533,Aunt Louisa's oft told tales,1875,[' New York '],,
14,http://ufdc.ufl.edu/UF00053169,The ball of the vegetables and other stories in prose and verse,1883,[' New York '],,
15,http://ufdc.ufl.edu/UF00065442,The boy travellers in Australasia,1888.5,[' New York '],,
16,http://ufdc.ufl.edu/UF00072761,"Bysh's edition of the life of Robinson Crusoe, of York, mariner ",1835,[' London '],,
17,http://ufdc.ufl.edu/UF00056249,The children of Sunflower Farm,1888,[' London '],,
18,http://ufdc.ufl.edu/UF00072762,"The children's Robinson Crusoe or, The remarkable adventures of an Englishman ",1830,[' Boston '],,
19,http://ufdc.ufl.edu/UF00026208,The cockatoo's story,1881,[' London '],,
20,http://ufdc.ufl.edu/UF00074123,The Crusoes of Guiana,1885,[' New York '],,
21,http://ufdc.ufl.edu/UF00050313,The four MacNicols,1882,[' New York '],,
22,http://ufdc.ufl.edu/UF00023492,The history of Robinson Crusoe,1880,[' New York '],,
23,http://ufdc.ufl.edu/UF00026644,The history of Robinson Crusoe ,1872,[' New York '],,
24,http://ufdc.ufl.edu/UF00073577,The history of Robinson Crusoe,1875,[' New York '],,
25,http://ufdc.ufl.edu/AA00021433,History of Robinson Crusoe,1815,[' Windsor VT'],,
26,http://ufdc.ufl.edu/UF00047786,The Italian boy,1879,"[' London ', ' New York ']",,
27,http://ufdc.ufl.edu/UF00073639,The Life & adventures of Robinson Crusoe,1937,[' London '],,
28,http://ufdc.ufl.edu/UF00001680,"Life and Adventures of Alexander Selkirk, The Real Robinson Crusoe",1850,[' Philadelphia '],,
29,http://ufdc.ufl.edu/UF00073630,Thelife and adventures of Robinson Crusoe,1891,"[' London, Glasgow, Manchester ']",,
30,http://ufdc.ufl.edu/UF00073629,The life and adventures of Robinson Crusoe,1890,"[' London ;, New York ']",,
31,http://ufdc.ufl.edu/UF00073591,TheLife and adventures of Robinson Crusoe,1879,"[' London, New York ']",,
32,http://ufdc.ufl.edu/UF00074451,The life and adventures of Robinson Crusoe,1905,[' New York '],,
33,http://ufdc.ufl.edu/UF00073636,The life and adventures of Robinson Crusoe,1895,[' New York '],,
34,http://ufdc.ufl.edu/UF00073606,The life and adventures of Robinson Crusoe,1883,[' London '],,
35,http://ufdc.ufl.edu/UF00073610,The Life and adventures of Robinson Crusoe,1887,[' New York '],,
36,http://ufdc.ufl.edu/UF00073615,The Life and adventures of Robinson Crusoe,1895,[' New York '],,
37,http://ufdc.ufl.edu/UF00073618,The life and adventures of Robinson Crusoe,1895,[' London '],,
38,http://ufdc.ufl.edu/UF00073616,Life and adventures of Robinson Crusoe ,1895,[' New York '],,
39,http://ufdc.ufl.edu/UF00073612,Life and adventures of Robinson Crusoe ,1888,[' Chicago '],,
40,http://ufdc.ufl.edu/UF00028231,Life and adventures of Robinson Crusoe,1874,[' London '],,
41,http://ufdc.ufl.edu/UF00073587,The Life and adventures of Robinson Crusoe,1879,[' New York '],,
42,http://ufdc.ufl.edu/UF00073588,Life and adventures of Robinson Crusoe,1875,[' New York '],,
43,http://ufdc.ufl.edu/UF00074450,The life and adventures of Robinson Crusoe,1899,[' London '],,
44,http://ufdc.ufl.edu/UF00073575,Life and adventures of Robinson Crusoe,1875,[' New York '],,
45,http://ufdc.ufl.edu/UF00073563,The Life and adventures of Robinson Crusoe,1867,"[' Boston ', ' Concord NH ']",,
46,http://ufdc.ufl.edu/UF00073574,The Life and adventures of Robinson Crusoe,1869,[' London '],,
47,http://ufdc.ufl.edu/UF00073578,The Life and adventures of Robinson Crusoe,1870,[' New York '],,
48,http://ufdc.ufl.edu/UF00073602,Life and adventures of Robinson Crusoe,1880,[' New York '],,
49,http://ufdc.ufl.edu/UF00074471,Life and adventures of Robinson Crusoe,1932,"[' Chicago ;, New York ']",,
50,http://ufdc.ufl.edu/UF00074472,The life and adventures of Robinson Crusoe,1935,"[' Chicago ;, Akron Ohio ;, New York ']",,
51,http://ufdc.ufl.edu/UF00073599,The Life and adventures of Robinson Crusoe,1885,[' Edinburgh '],,
52,http://ufdc.ufl.edu/UF00074440,The Life and adventures of Robinson Crusoe ,1896,[' Chicago '],,
53,http://ufdc.ufl.edu/UF00074458,The Life and adventures of Robinson Crusoe,1907,[' London '],,
54,http://ufdc.ufl.edu/UF00074476,The Life and adventures of Robinson Crusoe.,1946,"[' Cleveland, New York ']",,
55,http://ufdc.ufl.edu/UF00074455,The Life and adventures of Robinson Crusoe,1903,[' Chicago '],,
56,http://ufdc.ufl.edu/UF00073592,The Life and adventures of Robinson Crusoe,1880,"[' London, New York ']",,
57,http://ufdc.ufl.edu/UF00074447,Life and adventures of Robinson Crusoe,1898,[' Boston '],,
58,http://ufdc.ufl.edu/UF00074452,The Life and adventures of Robinson Crusoe,1900,"[' London, New York ']",,
59,http://ufdc.ufl.edu/UF00096277,The life and adventures of Robinson Crusoe,1896,"[' Chicago, Chicago ']",,
60,http://ufdc.ufl.edu/UF00074461,The Life and adventures of Robinson Crusoe,1910,[' London '],,
61,http://ufdc.ufl.edu/UF00073614,The Life and adventures of Robinson Crusoe,1889,[' New York '],,
62,http://ufdc.ufl.edu/UF00026210,The life and adventures of Robinson Crusoe,1885,"[' London ;, and New York ']",,
63,http://ufdc.ufl.edu/UF00026211,The life and adventures of Robinson Crusoe,1881,[' London '],,
64,http://ufdc.ufl.edu/UF00026578,The life and adventures of Robinson Crusoe,1875,[' London '],,
65,http://ufdc.ufl.edu/UF00072781,The life and adventures of Robinson Crusoe,1842,[' London '],,
66,http://ufdc.ufl.edu/UF00072773,The life and adventures of Robinson Crusoe,1837,[' Halifax '],,
67,http://ufdc.ufl.edu/UF00072777,The life and adventures of Robinson Crusoe,1843.5,[' London '],,
68,http://ufdc.ufl.edu/UF00072776,The life and adventures of Robinson Crusoe,1845,[' London '],,
69,http://ufdc.ufl.edu/UF00072775,The Life and adventures of Robinson Crusoe ,1839,[' London '],,
70,http://ufdc.ufl.edu/UF00072780,The life and adventures of Robinson Crusoe ,1845.5,[' New York '],,
71,http://ufdc.ufl.edu/UF00072770,The Life and adventures of Robinson Crusoe,1838.333333,[' New York '],,
72,http://ufdc.ufl.edu/UF00072808,The life and adventures of Robinson Crusoe,1854,[' New York '],,
73,http://ufdc.ufl.edu/UF00026212,The life and adventures of Robinson Crusoe ,1881,[' London '],,
74,http://ufdc.ufl.edu/UF00072790,The life and adventures of Robinson Crusoe,1846,[' London '],,
75,http://ufdc.ufl.edu/UF00072794,The life and adventures of Robinson Crusoe,1842,[' New York '],,
76,http://ufdc.ufl.edu/UF00072782,The Life and adventures of Robinson Crusoe,1843,[' Philadelphia '],,
77,http://ufdc.ufl.edu/UF00072778,The life and adventures of Robinson Crusoe,1840,[' London '],,
78,http://ufdc.ufl.edu/UF00072785,The life and adventures of Robinson Crusoe,1845,[' Philadelphia '],,
79,http://ufdc.ufl.edu/UF00072804,The life and adventures of Robinson Crusoe,1853,[' Philadelphia '],,
80,http://ufdc.ufl.edu/UF00072815,The life and adventures of Robinson Crusoe ,1859,[' Philadelphia '],,
81,http://ufdc.ufl.edu/UF00072786,The life and adventures of Robinson Crusoe ,1845,[' Portland Me '],,
82,http://ufdc.ufl.edu/UF00072793,Life and adventures of Robinson Crusoe,1849,[' New Haven '],,
83,http://ufdc.ufl.edu/UF00072812,The life and adventures of Robinson Crusoe,1856,[' New York '],,
84,http://ufdc.ufl.edu/UF00072788,The life and adventures of Robinson Crusoe ,1843.5,[' Philadelphia '],,
85,http://ufdc.ufl.edu/UF00072797,The life and adventures of Robinson Crusoe,1855,[' New York '],,
86,http://ufdc.ufl.edu/UF00073558,The Life and adventures of Robinson Crusoe,1866,[' New York '],,
87,http://ufdc.ufl.edu/UF00073570,The life and adventures of Robinson Crusoe ,1869,"[' New York ', ' London ']",,
88,http://ufdc.ufl.edu/UF00073543,The Life and adventures of Robinson Crusoe,1860,"[' London, Edinburgh ']",,
89,http://ufdc.ufl.edu/UF00073553,The life and adventures of Robinson Crusoe ,1864,"[' London ', 'New York']",,
90,http://ufdc.ufl.edu/UF00073541,The life and adventures of Robinson Crusoe ,1865,[' Cincinnati '],,
91,http://ufdc.ufl.edu/UF00072796,The life and adventures of Robinson Crusoe ,1855,"[' Edinburgh ', ' London ', ' Glasgow ']",,
92,http://ufdc.ufl.edu/UF00073644,The life and adventures of Robinson Crusoe ,1865,[' Philadelphia '],,
93,http://ufdc.ufl.edu/UF00073571,Life and adventures of Robinson Crusoe,1869,"[' London, New York ']",,
94,http://ufdc.ufl.edu/UF00073585,The Life and adventures of Robinson Crusoe,1873,[' Philadelphia '],,
95,http://ufdc.ufl.edu/UF00073545,The Life and adventures of Robinson Crusoe,1861,[' Boston '],,
96,http://ufdc.ufl.edu/UF00073544,The Life and adventures of Robinson Crusoe,1860,[' London '],,
97,http://ufdc.ufl.edu/UF00072807,The life and adventures of Robinson Crusoe ,1856.5,[' Philadelphia '],,
98,http://ufdc.ufl.edu/UF00072810,The life and adventures of Robinson Crusoe ,1856,[' London '],,
99,http://ufdc.ufl.edu/UF00072802,The life and adventures of Robinson Crusoe ,1850,[' London '],,
100,http://ufdc.ufl.edu/UF00072779,The life and adventures of Robinson Crusoe,1841,[' New York '],,
101,http://ufdc.ufl.edu/UF00072809,The life and adventures of Robinson Crusoe ,1855,"[' London ', 'New York']",,
102,http://ufdc.ufl.edu/UF00073559,Life and adventures of Robinson Crusoe,1866,"[' Boston ', ' New York ']",,
103,http://ufdc.ufl.edu/UF00073562,The Life and adventures of Robinson Crusoe,1867,[' London '],,
104,http://ufdc.ufl.edu/UF00073566,The Life and adventures of Robinson Crusoe,1868,[' London '],,
105,http://ufdc.ufl.edu/UF00073579,Life and adventures of Robinson Crusoe,1870,[' Philadelphia '],,
106,http://ufdc.ufl.edu/UF00073564,The Life and adventures of Robinson Crusoe,1867,[' London '],,
107,http://ufdc.ufl.edu/UF00073548,The Life and adventures of Robinson Crusoe,1863,"[' Boston ', ' Concord NH']",,
108,http://ufdc.ufl.edu/UF00073551,The life and adventures of Robinson Crusoe ,1864,"[' London ', 'New York ']",,
109,http://ufdc.ufl.edu/UF00073555,Life and adventures of Robinson Crusoe ,1864,[' London '],,
110,http://ufdc.ufl.edu/UF00001345,The life and adventures of Robinson Crusoe,1808,[' London '],,
111,http://ufdc.ufl.edu/UF00072745,The Life and adventures of Robinson Crusoe ,1805,[' London '],,
112,http://ufdc.ufl.edu/UF00072759,The life and adventures of Robinson Crusoe,1829,[' London '],,
113,http://ufdc.ufl.edu/UF00073535,The Life and adventures of Robinson Crusoe,1859,[' New York '],,
114,http://ufdc.ufl.edu/UF00072795,The Life and adventures of Robinson Crusoe,1849,[' Philadelphia '],,
115,http://ufdc.ufl.edu/UF00073613,Life and adventures of Robinson Crusoe ,1886,[' Boston '],,
116,http://ufdc.ufl.edu/UF00073556,The life and adventures of Robinson Crusoe ,1865,[' London '],,
117,http://ufdc.ufl.edu/UF00072749,The life and adventures of Robinson Crusoe ,1818,[' London '],,
118,http://ufdc.ufl.edu/UF00072803,The life and adventures of Robinson Crusoe,1852,[' Philadelphia '],,
119,http://ufdc.ufl.edu/UF00072763,The life and adventures of Robinson Crusoe ,1831,[' London '],,
120,http://ufdc.ufl.edu/UF00072750,The life and adventures of Robinson Crusoe ,1818,[' London '],,
121,http://ufdc.ufl.edu/UF00049560,The life and adventures of Robinson Crusoe /,1882,[' London '],,
122,http://ufdc.ufl.edu/UF00073645,The Life and adventures of Robinson Crusoe [state 2],1893,"[' London, New York, Manchester ']",,
123,http://ufdc.ufl.edu/UF00073646,The Life and adventures of Robinson Crusoe [state 3],1893,"[' London, New York, Manchester ']",,
124,http://ufdc.ufl.edu/UF00073647,The Life and adventures of Robinson Crusoe [state 4],1893,"[' London, New York, Manchester ']",,
125,http://ufdc.ufl.edu/UF00073611,"The life and adventures of Robinson Crusoe of York, mariner ",1888,[' London '],,
126,http://ufdc.ufl.edu/UF00073625,"The life and adventures of Robinson Crusoe, of York, mariner",1891.5,"[' London ', 'New York', 'Melbourne']",,
127,http://ufdc.ufl.edu/UF00073598,"The Life and adventures of Robinson Crusoe of York, mariner",1885,[' Boston '],,
128,http://ufdc.ufl.edu/UF00073590,"Life and adventures of Robinson Crusoe of York, mariner",1876,[' London '],,
129,http://ufdc.ufl.edu/UF00073596,"The Life and adventures of Robinson Crusoe, of York, Mariner",1885,"[' London, New York, Melbourne ']",,
130,http://ufdc.ufl.edu/UF00072784,"The life and adventures of Robinson Crusoe of York, mariner",1845,"[' London ', ' London ']",,
131,http://ufdc.ufl.edu/UF00073628,"The Life and adventures of Robinson Crusoe of York, mariner",1890,[' London '],,
132,http://ufdc.ufl.edu/UF00073560,"Life and adventures of Robinson Crusoe, of York, mariner : with an account of his travels round three parts of the globe.",1866,"[' Boston ', ' New York ']",,
133,http://ufdc.ufl.edu/UF00073549,The life and adventures of Robinson Crusoe on the island of Juan Fernandez ,1863,[' London '],,
134,http://ufdc.ufl.edu/UF00072771,"The life and adventures of Robinson Crusoe, with a life of the author  ",1836,[' Bristol R.I '],,
135,http://ufdc.ufl.edu/UF00073557,"The life and adventures of Robinson Crusoe, of York, mariner ",1868,[' New York '],,
136,http://ufdc.ufl.edu/UF00072791,"The life and adventures of Robinson Crusoe, of York, mariner ",1847,[' London '],,
137,http://ufdc.ufl.edu/UF00023580,"The Life and adventures of Robinson Crusoe, of York, mariner",1880,"[' London ', ' Edinburgh ']",,
138,http://ufdc.ufl.edu/UF00072764,"The life and most surprising adventures of Robinson Crusoe, of York, mariner",1831,[' New York '],,
139,http://ufdc.ufl.edu/UF00072747,"The life and most surprising adventures of Robinson Crusoe, of York, mariner ",1811,"[' London ', ' York ']",,
140,http://ufdc.ufl.edu/UF00072748,"The life and most surprising adventures of Robinson Crusoe, of York, mariner",1818,[' Dublin '],,
141,http://ufdc.ufl.edu/UF00072754,"The life and most surprising adventures of Robinson Crusoe, of York, mariner",1823,[' London '],,
142,http://ufdc.ufl.edu/UF00072758,"The life and most surprising adventures of Robinson Crusoe, of York, mariner",1826,[' Dublin '],,
143,http://ufdc.ufl.edu/UF00072744,"The life and most surprising adventures of Robinson Crusoe of York, mariner",1803,[' Edinburgh '],,
144,http://ufdc.ufl.edu/UF00001312,"The life and most surprising adventures of Robinson Crusoe, or York, mariner",1831,[' New York '],,
145,http://ufdc.ufl.edu/UF00001286,"The life and most surprising adventures of Robinson Crusoe, of York, mariner ",1801,[' Dunbar '],,
146,http://ufdc.ufl.edu/UF00073622,The life and strange adventures of Robinson Crusoe,1890,"[' Chicago, Philadelphia ']",,
147,http://ufdc.ufl.edu/UF00074457,The life and strange adventures of Robinson Crusoe,1904,[' Chicago '],,
148,http://ufdc.ufl.edu/UF00074443,"The life and strange adventures of Robinson Crusoe, as related by himself",1897,[' Chicago '],,
149,http://ufdc.ufl.edu/UF00074446,Life and strange surprising adventures of Robinson Crusoe,1897,['New York'],,
150,http://ufdc.ufl.edu/UF00074464,The Life and strange surprising adventures of Robinson Crusoe,1913,"[' Chicago, Atlanta, New York ']",,
151,http://ufdc.ufl.edu/UF00073605,The life and strange surprising adventures of Robinson Crusoe ,1882,"[' London, Edinburgh, New York ']",,
152,http://ufdc.ufl.edu/UF00074474,The life and strange surprising adventures of Robinson Crusoe,1937,[' Boston '],,
153,http://ufdc.ufl.edu/UF00073600,"The Life and strange surprising adventures of Robinson Crusoe of York, mariner",1882.5,[' New York '],,
154,http://ufdc.ufl.edu/UF00073594,"The life and strange surprising adventures of Robinson Crusoe of York, mariner",1885,"[' London, Paris, New York ']",,
155,http://ufdc.ufl.edu/UF00073586,"The Life and strange surprising adventures of Robinson Crusoe of York, Mariner",1874,"[' New Haven, Conn. ']",,
156,http://ufdc.ufl.edu/UF00073567,"The Life and strange surprising adventures of Robinson Crusoe, of York, mariner",1868,"[' Cambridge ', ' New York ']",,
157,http://ufdc.ufl.edu/UF00073633,"The Life and strange surprising adventures of Robinson Crusoe of York, mariner",1894,"[' London, Edinburgh ']",,
158,http://ufdc.ufl.edu/UF00096278,"The life and strange surprising adventures of Robinson Crusoe, of York, Mariner",1896,"[' London, London, Paris ']",,
159,http://ufdc.ufl.edu/UF00074454,"The Life and strange surprising adventures of Robinson Crusoe, of York, mariner,",1900,[' New York '],,
160,http://ufdc.ufl.edu/UF00073637,"The life and strange surprising adventures of Robinson Crusoe of York, mariner",1897,"['New York', 'London]",,
161,http://ufdc.ufl.edu/UF00073584,"The Life and strange surprising adventures of Robinson Crusoe of York, mariner",1872,"[' Philadelphia, Boston ', ' Cincinnati, Chicago ', ' San Francisco ', ' New Orleans ']",,
162,http://ufdc.ufl.edu/UF00073569,"The Life and strange surprising adventures of Robinson Crusoe, of York, Mariner",1869,[' London  '],,
163,http://ufdc.ufl.edu/UF00074441,"The Life and strange surprising adventures of Robinson Crusoe, of York, Mariner, as related by himself",1896,"['London, Paris, Melbourne']",,
164,http://ufdc.ufl.edu/UF00074462,"The Life and strange surprising adventures of Robinson Crusoe of York, mariner, as related by himself",1915,[' Boston '],,
165,http://ufdc.ufl.edu/UF00073581,"The life and strange surprising adventures of Robinson Crusoe, of York, mariner ",1874.5,"[' London, Paris, New York ']",,
166,http://ufdc.ufl.edu/UF00073640,"The Life and strange surprizing adventures of Robinson Crusoe of York, mariner",1945,[' Mount Vernon NY '],,
167,http://ufdc.ufl.edu/UF00073589,"The Life and strange surprizing adventures of Robinson Crusoe, of York, mariner",1876,"[' London, Edinburgh, New York ']",,
168,http://ufdc.ufl.edu/UF00073595,"The Life and strange surprizing adventures of Robinson Crusoe, of York, mariner",1885,[' London '],,
169,http://ufdc.ufl.edu/UF00028212,"The Life and strange surprizing adventures of Robinson Crusoe, of York, mariner",1875,"[' London ', ' Edinburgh ', ' New York ']",,
170,http://ufdc.ufl.edu/UF00024127,"The life and strange surprizing adventures of Robinson Crusoe, of York, mariner",1719,[' London '],,
171,http://ufdc.ufl.edu/UF00073554,The life and surprising adventures of Robinson Crusoe ,1864,[' New York '],,
172,http://ufdc.ufl.edu/UF00073546,The Life and surprising adventures of Robinson Crusoe,1861,[' Edinburgh '],,
173,http://ufdc.ufl.edu/UF00073539,The life and surprising adventures of Robinson Crusoe ,1865,"[' Wakefield ', ' London ']",,
174,http://ufdc.ufl.edu/UF00073538,The life and surprising adventures of Robinson Crusoe ,1865,[' London '],,
175,http://ufdc.ufl.edu/UF00073552,"The life and surprising adventures of Robinson Crusoe, of York, mariner ",1864,[' Cincinnati '],,
176,http://ufdc.ufl.edu/UF00073583,"The Life and surprising adventures of Robinson Crusoe of York, mariner",1871,[' New York '],,
177,http://ufdc.ufl.edu/UF00072817,"The life and surprising adventures of Robinson Crusoe, of York, mariner ",1859,[' London '],,
178,http://ufdc.ufl.edu/UF00072798,"The life and surprising adventures of Robinson Crusoe, of York, mariner ",1855,[' London '],,
179,http://ufdc.ufl.edu/UF00072811,"The life and surprising adventures of Robinson Crusoe, of York, mariner",1856,[' Newburyport '],,
180,http://ufdc.ufl.edu/UF00072768,"The life and surprising adventures of Robinson Crusoe, of York, mariner",1833,"[' Boston ', ' Newburyport ']",,
181,http://ufdc.ufl.edu/UF00073638,"The Life and surprising adventures of Robinson Crusoe of York, mariner ",1895,[' New York '],,
182,http://ufdc.ufl.edu/UF00073626,"The life and surprising adventures of Robinson Crusoe of York, mariner",1890,[' Rutland '],,
183,http://ufdc.ufl.edu/UF00073608,"The Life and surprising adventures of Robinson Crusoe of York, mariner",1885,[' London '],,
184,http://ufdc.ufl.edu/UF00074460,"The Life and surprising adventures of Robinson Crusoe, of York, mariner",NA,[' New York '],,
185,http://ufdc.ufl.edu/UF00074442,"The Life and surprising adventures of Robinson Crusoe of York, mariner. /",1896,[' London '],,
186,http://ufdc.ufl.edu/UF00072766,"The life and surprising adventures of Robinson Crusoe, of York, mariner",1831,[' London '],,
187,http://ufdc.ufl.edu/UF00072800,The Life and wonderful adventures of Robinson Crusoe ,1855,[' Glasgow '],,
188,http://ufdc.ufl.edu/UF00073537,The life of Robinson Crusoe in short words ,1859,[' London '],,
189,http://ufdc.ufl.edu/UF00073536,The Life of Robinson Crusoe in short words,1859,[' London '],,
190,http://ufdc.ufl.edu/UF00026282,"Life on desolate islands, or, Real Robinson Crusoes",1870,[' London '],,
191,http://ufdc.ufl.edu/UF00072783,The little Robinson Crusoe,1843,"[' Philadelphia ', ' New Haven ']",,
192,http://ufdc.ufl.edu/UF00072813,The Little Robinson Crusoe,1857,[' Philadelphia '],,
193,http://ufdc.ufl.edu/UF00072787,The Little Robinson Crusoe,1845,[' Philadelphia '],,
194,http://ufdc.ufl.edu/UF00072792,The Little Robinson Crusoe,1848,[' Albany '],,
195,http://ufdc.ufl.edu/UF00072799,The Little Robinson Crusoe,1855,[' Boston '],,
196,http://ufdc.ufl.edu/AA00021429,"The most surprising adventures, and wonderful life of Robinson Crusoe, of York, mariner",1795,[' Worcester MA'],,
197,http://ufdc.ufl.edu/AA00021491,"The most surprising adventures, and wonderful life of Robinson Crusoe, of York, mariner",1789,[' Portland ME'],,
198,http://ufdc.ufl.edu/UF00073627,My Robinson Crusoe story book ,1890,"[' New York ', ' London ']",,
199,http://ufdc.ufl.edu/UF00055798,My treasure,1888,"[' Chicago, New York ']",,
200,http://ufdc.ufl.edu/AA00021428,The new Robinson Crusoe,1789,[' London '],,
201,http://ufdc.ufl.edu/UF00072760,"The New Robinson Crusoe, designed for youth",1829,[' New York '],,
202,http://ufdc.ufl.edu/UF00074468,Premiáeres aventures de Robinson Crusoe,1928,[' Cambridge '],,
203,http://ufdc.ufl.edu/UF00074466,Robinson Crusoe,1925,"[' Chicago, Philadelphia, Dallas ']",,
204,http://ufdc.ufl.edu/UF00073641,Robinson Crusoe,1906,"[' London, New York']",,
205,http://ufdc.ufl.edu/UF00073642,Robinson Crusoe,1945,[' New York '],,
206,http://ufdc.ufl.edu/UF00074475,Robinson Crusoe.,1946,[' New York' ],,
207,http://ufdc.ufl.edu/UF00074456,Robinson Crusoe,1958,"[' London ', ' New York ']",,
208,http://ufdc.ufl.edu/UF00074448,Robinson Crusoe,1898,[' New York '],,
209,http://ufdc.ufl.edu/UF00074453,Robinson Crusoe,1900,"[' New York, London, Paris ']",,
210,http://ufdc.ufl.edu/UF00074438,Robinson Crusoe.,1895,[' New York '],,
211,http://ufdc.ufl.edu/UF00074444,Robinson Crusoe.,1897,[' New York '],,
212,http://ufdc.ufl.edu/UF00074439,Robinson Crusoe,1895,[' Philadelphia '],,
213,http://ufdc.ufl.edu/UF00096279,Robinson Crusoe,1897,[' New York '],,
214,http://ufdc.ufl.edu/UF00096273,Robinson Crusoe,1895,[' New York '],,
215,http://ufdc.ufl.edu/UF00096274,Robinson Crusoe,1895,[' New York '],,
216,http://ufdc.ufl.edu/UF00096275,Robinson Crusoe,1895,[' New York '],,
217,http://ufdc.ufl.edu/UF00096276,Robinson Crusoe,1895,[' Philadelphia '],,
218,http://ufdc.ufl.edu/UF00003505,Robinson Crusoe,1859,[' Boston '],,
219,http://ufdc.ufl.edu/UF00073632,Robinson Crusoe,1892,[' Chicago '],,
220,http://ufdc.ufl.edu/UF00073604,Robinson Crusoe,1882,"[' New York ', ' London ']",,
221,http://ufdc.ufl.edu/UF00073565,Robinson Crusoe,1873,"[' London, New York ']",,
222,http://ufdc.ufl.edu/UF00074445,Robinson Crusoe,1897,[' New York '],,
223,http://ufdc.ufl.edu/UF00073572,Robinson Crusoe,1869,[' New York '],,
224,http://ufdc.ufl.edu/UF00074477,Robinson Crusoe,1948,[' Philadelphia '],,
225,http://ufdc.ufl.edu/UF00072751,Robinson Crusoe,1820,"[' London ', ' Edinburgh ']",,
226,http://ufdc.ufl.edu/UF00072753,Robinson Crusoe,1822,[' Chiswick '],,
227,http://ufdc.ufl.edu/UF00072757,Robinson Crusoe,1826,[' Hartford CT '],,
228,http://ufdc.ufl.edu/UF00001347,Robinson Crusoe,1812,[' London '],,
229,http://ufdc.ufl.edu/UF00073542,Robinson Crusoe,1863.5,[' New York '],,
230,http://ufdc.ufl.edu/UF00073561,Robinson Crusoe,1866,"[' London, Cambridge ']",,
231,http://ufdc.ufl.edu/UF00073573,Robinson Crusoe,1869,[' New York '],,
232,http://ufdc.ufl.edu/UF00054522,Robinson Crusoe,1889,[' New York '],,
233,http://ufdc.ufl.edu/UF00072801,Robinson Crusoe,1851.5,[' Boston '],,
234,http://ufdc.ufl.edu/UF00023604,Robinson Crusoe,1880,[' New York '],,
235,http://ufdc.ufl.edu/UF00072765,Robinson Crusoe,1831,[' London '],,
236,http://ufdc.ufl.edu/UF00026664,Robinson Crusoe,1878,[' New York '],,
237,http://ufdc.ufl.edu/UF00081205,Robinson Crusoe : in words of one syllable,1869,[' New York '],,
238,http://ufdc.ufl.edu/UF00074478,"Robinson Crusoe, and A journal of the plague year",1948,[' New York '],,
239,http://ufdc.ufl.edu/UF00073568,Robinson Crusoe. Fairy tales. Tom Brown's school days,1877,,,
240,http://ufdc.ufl.edu/UF00054403,"Robinson Crusoe, his life and adventures",1887,"[' London, New York ']",,
241,http://ufdc.ufl.edu/UF00073609,"Robinson Crusoe, his life and adventures",1886,"[' London ', ' New York ']",,
242,http://ufdc.ufl.edu/UF00074459,Robinson Crusoe in words of one syllable,1882,[' Philadelphia '],,
243,http://ufdc.ufl.edu/UF00028328,Robinson Crusoe in words of one syllable,1876,[' New York '],,
244,http://ufdc.ufl.edu/UF00049816,Robinson Crusoe in words of one syllable,1882,[' New York '],,
245,http://ufdc.ufl.edu/UF00049557,Robinson Crusoe in words of one syllable,1882,[' New York '],,
246,http://ufdc.ufl.edu/UF00073631,"Robinson Crusoe, the clever cats, &c.;",1892,"[' London, Edinburgh, New York ']",,
247,http://ufdc.ufl.edu/UF00072769,The Singular adventures of Robinson Crusoe ,1836,"[' Derby ', ' London ']",,
248,http://ufdc.ufl.edu/UF00001811,"The solitary of Juan Fernandez, or, The real Robinson Crusoe",1851,[' Boston '],,
249,http://ufdc.ufl.edu/UF00082141,The strange and surprising adventures of Robinson Crusoe of York mariner,1899.5,[' Boston '],,
250,http://ufdc.ufl.edu/UF00073635,The Strange and surprising adventures of Robinson Crusoe of York mariner,1899.5,[' Boston '],,
251,http://ufdc.ufl.edu/UF00072767,The surprising adventures of Robinson Crusoe ,1832,[' London '],,
252,http://ufdc.ufl.edu/UF00072774,The surprising adventures of Robinson Crusoe ,1838,[' London '],,
253,http://ufdc.ufl.edu/UF00073540,The surprising adventures of Robinson Crusoe ,1865,[' London '],,
254,http://ufdc.ufl.edu/UF00049549,The Swiss family Robinson,1879,[' New York '],,
255,http://ufdc.ufl.edu/UF00081659,The Swiss family Robinson,1889,"[' London, Glasgow, Manchester ']",,
256,http://ufdc.ufl.edu/UF00083210,The Swiss family Robinson,1895,[' New York '],,
257,http://ufdc.ufl.edu/UF00086462,The Swiss family Robinson,1899,"[' London ', ' New York ']",,
258,http://ufdc.ufl.edu/UF00085415,The Swiss family Robinson,1896,[' New York '],,
259,http://ufdc.ufl.edu/UF00024837,The Swiss family Robinson,1870,[' New York '],,
260,http://ufdc.ufl.edu/UF00028228,Swiss family Robinson in words of one syllable,1874,"[' New York ', ' Philadelphia ']",,
261,http://ufdc.ufl.edu/UF00053431,The Swiss family Robinson in words of one syllable,1884,[' New York '],,
262,http://ufdc.ufl.edu/UF00001866,"The Swiss family Robinson, or Adventures in a desert island",1851,[' London '],,
263,http://ufdc.ufl.edu/UF00003604,"The Swiss family Robinson, or, Adventures of a father and mother and four sons in a desert island",1852,[' London '],,
264,http://ufdc.ufl.edu/UF00027951,"The Swiss family Robinson, or, Adventures of a shipwrecked famiily on a desolate island",1872,"[' London, Edinburgh, New York ']",,
265,http://ufdc.ufl.edu/UF00027938,"The Swiss family Robinson, or, Adventures of a shipwrecked family on a desolate island",1874,"[' London, Edinburgh, New York ']",,
266,http://ufdc.ufl.edu/UF00027939,"The Swiss family Robinson, or, The adventures of a father and his four sons on a desert island",1874,[' Edinburgh '],,
267,http://ufdc.ufl.edu/UF00086694,"The Swiss family Robinson, or, The adventures of a shipwrecked family on an uninhabited island near New Guinea",1898,[' Boston '],,
268,http://ufdc.ufl.edu/UF00055797,"The Swiss family Robinson, or, The adventures of a shipwrecked family on an uninhabited island near New Guinea",1888,"[' London, New York ']",,
269,http://ufdc.ufl.edu/UF00073607,The Life and adventures of Robinson Crusoe,1884,[' Boston '],,
270,http://ufdc.ufl.edu/UF00053179,"Travels into several remote nations of the world by Lemuel Gulliver, first a surgeon and then a captain of several ships, in four parts ...",1883,[' London '],,
271,http://ufdc.ufl.edu/UF00053957,"True tales of travel and adventure, valour and virtue",1885,[' London '],,
272,http://ufdc.ufl.edu/UF00053954,"The voyage of the ""Vivian"" to the North Pole and beyond",1884.5,[' New York '],,
273,http://ufdc.ufl.edu/UF00053296,Walks in and around London,1884,[' London '],,
274,http://ufdc.ufl.edu/UF00077393,Willy Pogany children : Robinson Crusoe,1914,[' London '],,
275,http://ufdc.ufl.edu/AA00021431,The wonderful life and adventures of Robinson Crusoe,1809,[' New-Haven '],,
276,http://ufdc.ufl.edu/AA00021430,The wonderful life and surprising adventures of Robinson Crusoe,1802,[' York '],,
277,http://ufdc.ufl.edu/AA00021432,Die wunderbare Lebensbeschreibung und Erstaunliche Begebenheiten des berÃ¼hmten Helden Robinson Crusoe,1809,[' Philadelphia '],,
278,http://ufdc.ufl.edu/UF00074449,The Young folks' Robinson Crusoe,1898,[' Boston '],,
